StartConsensus, 1536657696401754000
StartConsensus, 1536657698152670000
StartConsensus, 1536657699950602000
StartConsensus, 1536657702071970000
StartConsensus, 1536657704741738000
StartConsensus, 1536657706659860000
StartConsensus, 1536657708573478000
StartConsensus, 1536657710387240000
StartConsensus, 1536657713381482000
StartConsensus, 1536657715712849000
StartConsensus, 1536657717744613000
StartConsensus, 1536657722061542000
StartConsensus, 1536657723577428000
StartConsensus, 1536657724487407000
